Timestamp,Value
0,109.6
1,112.01
2,112.82
3,108.79
4,116.85
5,83.81
6,103.96
7,91.87
8,112.01
9,81.39
10,91.06
11,99.12
12,83.0
13,106.37
14,103.15
15,99.93
16,95.9
17,112.01
18,87.84
19,112.82
20,78.17
21,95.9
22,112.82
23,84.62
24,116.85
25,92.67
26,106.37
27,97.51
28,78.17
29,115.24
30,74.14
31,79.78
32,97.51
33,96.7
34,78.17
35,81.39
36,83.81
37,112.01
38,103.15
39,97.51
40,107.18
41,103.96
42,92.67
43,93.48
44,110.4
45,111.21
46,108.79
47,119.27
48,83.0
49,100.73
50,113.63
51,96.7
52,104.76
53,114.43
54,106.37
55,104.76
56,83.81
57,84.62
58,110.4
59,78.97
60,99.93
61,86.23
62,94.29
63,76.56
64,85.42
65,114.43
66,97.51
67,101.54
68,110.4
69,120.88
70,111.21
71,99.93
72,107.18
73,104.76
74,94.29
75,88.64
76,113.63
77,114.43
78,92.67
79,124.1
80,80.59
81,82.2
82,99.12
83,103.15
84,95.9
85,106.37
86,107.99
87,87.03
88,97.51
89,109.6
90,95.09
91,108.79
92,117.66
93,103.15
94,74.14
95,112.82
96,111.21
97,112.82
98,104.76
99,97.51
100,99.12
101,101.54
102,87.84
103,112.01
104,84.62
105,87.03
106,107.18
107,95.09
108,113.63
109,88.64
110,104.76
111,87.84
112,107.99
113,111.21
114,88.64
115,112.82
116,91.87
117,87.84
118,83.0
119,74.14
120,97.51
121,91.06
122,114.43
123,91.87
124,103.15
125,75.75
126,81.39
127,91.06
128,117.66
129,103.96
130,86.23
131,111.21
132,107.99
133,78.97
134,103.96
135,107.18
136,105.57
137,78.97
138,103.96
139,84.62
140,114.43
141,78.17
142,111.21
143,78.97
144,104.76
145,78.17
146,105.57
147,105.57
148,111.21
149,86.23
150,92.67
151,78.97
152,91.87
153,113.63
154,85.42
155,92.67
156,112.82
157,78.17
158,99.12
159,112.01
160,109.6
161,94.29
162,108.79
163,81.39
164,101.54
165,101.54
166,112.82
167,99.93
168,108.79
169,91.87
170,92.67
171,82.2
172,107.99
173,83.81
174,113.63
175,93.48
176,106.37
177,106.37
178,107.99
179,91.87
180,92.67
181,105.57
182,93.48
183,93.48
184,118.46
185,98.32
186,78.97
187,114.43
188,103.15
189,107.99
190,83.81
191,107.99
192,103.96
193,106.37
194,73.33
195,84.62
196,74.14
197,91.06
198,95.9
199,107.99
200,79.78
201,107.99
202,95.09
203,78.17
204,106.37
205,101.54
206,115.24
207,94.29
208,91.06
209,92.67
210,112.82
211,81.39
212,87.84
213,82.2
214,89.45
215,83.81
216,88.64
217,90.26
218,119.27
219,76.56
220,103.15
221,112.01
222,100.73
223,117.66
224,82.2
225,74.95
226,99.93
227,83.0
228,86.23
229,112.01
230,117.66
231,79.78
232,84.62
233,77.36
234,99.12
235,113.63
236,107.18
237,83.0
238,111.21
239,76.56
240,100.73
241,84.62
242,91.87
243,92.67
244,83.81
245,112.82
246,107.18
247,116.85
248,84.62
249,86.23
250,107.18
251,80.59
252,99.93
253,112.82
254,109.6
255,94.29
256,106.37
257,100.73
258,91.06
259,112.01
260,110.4
261,100.73
262,115.24
263,121.68
264,86.23
265,75.75
266,114.43
267,113.63
268,111.21
269,98.32
270,117.66
271,81.39
272,98.32
273,87.84
274,92.67
275,99.93
276,92.67
277,105.57
278,104.76
279,119.27
280,83.0
281,113.63
282,83.81
283,85.42
284,81.39
285,84.62
286,96.7
287,84.62
288,111.21
289,93.48
290,115.24
291,83.81
292,100.73
293,96.7
294,110.4
295,84.62
296,99.12
297,107.18
298,83.0
299,78.17
300,99.93
301,104.76
302,91.87
303,99.12
304,95.09
305,76.56
306,88.64
307,116.85
308,101.54
309,79.78
310,91.87
311,84.62
312,117.66
313,87.84
314,117.66
315,83.81
316,103.15
317,75.75
318,113.63
319,88.64
320,97.51
321,117.66
322,112.82
323,100.73
324,84.62
325,81.39
326,97.51
327,90.26
328,101.54
329,114.43
330,87.84
331,92.67
332,90.26
333,91.87
334,110.4
335,81.39
336,114.43
337,89.45
338,91.06
339,92.67
340,87.03
341,104.76
342,76.56
343,116.85
344,107.18
345,89.45
346,97.51
347,77.36
348,105.57
349,95.9
350,76.56
351,99.12
352,76.56
353,112.82
354,81.39
355,108.79
356,118.46
357,83.81
358,111.21
359,82.2
360,116.04
361,103.96
362,116.04
363,78.17
364,81.39
365,99.12
366,115.24
367,103.96
368,103.15
369,112.82
370,110.4
371,102.34
372,77.36
373,103.15
374,106.37
375,111.21
376,103.96
377,82.2
378,115.24
379,103.96
380,78.97
381,105.57
382,112.82
383,80.59
384,100.73
385,103.15
386,105.57
387,85.42
388,83.0
389,106.37
390,111.21
391,87.84
392,113.63
393,87.03
394,106.37
395,78.97
396,105.57
397,95.09
398,94.29
399,105.57
400,83.81
401,110.4
402,98.32
403,119.27
404,112.01
405,97.51
406,109.6
407,114.43
408,112.82
409,104.76
410,88.64
411,99.93
412,107.99
413,115.24
414,114.43
415,92.67
416,96.7
417,80.59
418,113.63
419,111.21
420,80.59
421,112.01
422,89.45
423,78.17
424,117.66
425,86.23
426,79.78
427,96.7
428,111.21
429,80.59
430,78.17
431,92.67
432,112.82
433,92.67
434,89.45
435,112.01
436,78.17
437,74.14
438,113.63
439,81.39
440,108.79
441,95.9
442,86.23
443,100.73
444,95.09
445,109.6
446,77.36
447,110.4
448,80.59
449,95.09
450,96.7
451,89.45
452,112.82
453,108.79
454,80.59
455,91.06
456,82.2
457,91.06
458,95.9
459,92.67
460,108.79
461,83.0
462,107.99
463,87.03
464,96.7
465,98.32
466,112.01
467,101.54
468,100.73
469,95.9
470,107.18
471,77.36
472,103.96
473,78.17
474,78.17
475,82.2
476,95.9
477,98.32
478,112.82
479,108.79
480,116.04
481,112.82
482,86.23
483,102.34
484,86.23
485,85.42
486,87.84
487,87.03
488,94.29
489,113.63
490,116.04
491,88.64
492,97.51
493,96.7
494,116.85
495,87.84
496,82.2
497,113.63
498,82.2
499,117.66
500,79.78
501,87.03
502,87.03
503,87.84
504,114.43
505,87.03
506,91.87
507,111.21
508,78.17
509,97.51
510,90.26
511,78.97
512,110.4
513,77.36
514,112.82
515,89.45
516,83.81
517,83.0
518,99.12
519,110.4
520,114.43
521,104.76
522,83.0
523,91.87
524,77.36
525,78.17
526,112.01
527,107.18
528,106.37
529,81.39
530,112.01
531,114.43
532,90.26
533,75.75
534,85.42
535,103.96
536,99.93
537,74.95
538,111.21
539,110.4
540,100.73
541,95.9
542,87.84
543,93.48
544,99.93
545,90.26
546,86.23
547,87.84
548,97.51
549,83.81
550,97.51
551,103.15
552,99.12
553,95.9
554,83.81
555,99.12
556,103.96
557,103.96
558,81.39
559,112.82
560,89.45
561,100.73
562,115.24
563,111.21
564,90.26
565,87.03
566,116.04
567,90.26
568,80.59
569,82.2
570,105.57
571,78.97
572,94.29
573,96.7
574,108.79
575,89.45
576,112.01
577,116.85
578,94.29
579,87.03
580,109.6
581,95.09
582,115.24
583,99.93
584,116.85
585,114.43
586,111.21
587,75.75
588,106.37
589,103.15
590,116.85
591,118.46
592,107.99
593,110.4
594,102.34
595,103.96
596,85.42
597,83.81
598,114.43
599,106.37
600,113.63
601,110.4
602,113.63
603,112.82
604,94.29
605,79.78
606,89.45
607,99.12
608,106.37
609,83.81
610,88.64
611,75.75
612,89.45
613,113.63
614,100.73
615,112.82
616,84.62
617,90.26
618,109.6
619,113.63
620,85.42
621,94.29
622,86.23
623,82.2
624,91.06
625,87.84
626,84.62
627,84.62
628,95.09
629,88.64
630,95.9
631,95.09
632,106.37
633,78.97
634,91.06
635,100.73
636,95.09
637,82.2
638,95.09
639,104.76
640,95.9
641,89.45
642,83.0
643,110.4
644,80.59
645,109.6
646,98.32
647,115.24
648,90.26
649,98.32
650,110.4
651,81.39
652,89.45
653,88.64
654,78.97
655,110.4
656,85.42
657,111.21
658,79.78
659,88.64
660,108.79
661,81.39
662,86.23
663,90.26
664,103.96
665,101.54
666,99.12
667,77.36
668,103.96
669,102.34
670,107.99
671,110.4
672,96.7
673,110.4
674,83.0
675,88.64
676,82.2
677,100.73
678,97.51
679,116.04
680,86.23
681,107.99
682,116.04
683,104.76
684,95.09
685,88.64
686,119.27
687,103.96
688,94.29
689,89.45
690,100.73
691,90.26
692,121.68
693,103.96
694,114.43
695,101.54
696,104.76
697,86.23
698,102.34
699,105.57
700,107.99
701,112.82
702,91.06
703,89.45
704,109.6
705,96.7
706,84.62
707,95.09
708,92.67
709,116.04
710,95.9
711,79.78
712,81.39
713,112.82
714,109.6
715,75.75
716,74.95
717,104.76
718,79.78
719,116.04
720,114.43
721,118.46
722,103.96
723,90.26
724,84.62
725,116.04
726,79.78
727,116.85
728,87.03
729,103.15
730,95.09
731,99.12
732,105.57
733,83.0
734,91.06
735,99.93
736,114.43
737,116.04
738,95.9
739,104.76
740,83.0
741,101.54
742,90.26
743,85.42
744,110.4
745,77.36
746,85.42
747,77.36
748,88.64
749,95.9
750,84.62
751,119.27
752,85.42
753,117.66
754,107.18
755,115.24
756,105.57
757,107.18
758,114.43
759,115.24
760,115.24
761,76.56
762,99.93
763,107.18
764,109.6
765,114.43
766,80.59
767,101.54
768,103.15
769,113.63
770,88.64
771,106.37
772,110.4
773,104.76
774,90.26
775,77.36
776,100.73
777,78.17
778,103.15
779,113.63
780,91.06
781,120.07
782,110.4
783,74.95
784,111.21
785,97.51
786,115.24
787,100.73
788,96.7
789,97.51
790,103.15
791,113.63
792,95.09
793,83.81
794,84.62
795,86.23
796,110.4
797,114.43
798,83.81
799,95.9
800,86.23
801,101.54
802,89.45
803,113.63
804,113.63
805,91.06
806,91.06
807,85.42
808,97.51
809,116.04
810,94.29
811,96.7
812,102.34
813,87.03
814,74.95
815,87.03
816,113.63
817,88.64
818,86.23
819,82.2
820,100.73
821,98.32
822,104.76
823,81.39
824,112.01
825,94.29
826,116.04
827,77.36
828,77.36
829,116.04
830,82.2
831,85.42
832,103.96
833,91.06
834,114.43
835,101.54
836,98.32
837,77.36
838,88.64
839,94.29
840,78.97
841,82.2
842,113.63
843,103.15
844,107.99
845,83.0
846,104.76
847,83.81
848,84.62
849,93.48
850,108.79
851,79.78
852,116.04
853,91.06
854,88.64
855,110.4
856,93.48
857,74.95
858,76.56
859,105.57
860,110.4
861,89.45
862,107.18
863,99.93
864,103.96
865,90.26
866,87.03
867,101.54
868,84.62
869,80.59
870,111.21
871,102.34
872,109.6
873,74.95
874,103.96
875,88.64
876,116.85
877,112.82
878,99.12
879,95.09
880,110.4
881,93.48
882,107.18
883,87.84
884,95.09
885,85.42
886,105.57
887,86.23
888,99.93
889,103.15
890,87.84
891,103.96
892,76.56
893,78.17
894,75.75
895,74.95
896,110.4
897,109.6
898,99.12
899,85.42
900,107.18
901,107.18
902,103.15
903,110.4
904,84.62
905,87.03
906,74.14
907,102.34
908,105.57
909,75.75
910,94.29
911,85.42
912,109.6
913,94.29
914,96.7
915,86.23
916,116.85
917,113.63
918,86.23
919,103.15
920,92.67
921,78.17
922,99.93
923,111.21
924,112.82
925,78.17
926,106.37
927,111.21
928,103.15
929,82.2
930,74.95
931,90.26
932,107.99
933,75.75
934,81.39
935,99.93
936,92.67
937,87.84
938,78.17
939,89.45
940,88.64
941,85.42
942,100.73
943,91.87
944,107.18
945,75.75
946,114.43
947,106.37
948,82.2
949,80.59
950,104.76
951,86.23
952,103.15
953,117.66
954,118.46
955,116.04
956,104.76
957,91.06
958,91.87
959,103.15
960,111.21
961,112.01
962,88.64
963,81.39
964,94.29
965,113.63
966,110.4
967,94.29
968,107.18
969,88.64
970,99.93
971,84.62
972,87.03
973,112.01
974,115.24
975,107.18
976,85.42
977,80.59
978,84.62
979,116.85
980,83.0
981,95.09
982,107.99
983,83.81
984,96.7
985,79.78
986,100.73
987,95.09
988,102.34
989,112.01
990,109.6
991,104.76
992,111.21
993,112.01
994,76.56
995,103.15
996,106.37
997,93.48
998,89.45
999,103.15
1000,84.62
1001,99.12
1002,93.48
1003,87.84
1004,106.37
1005,81.39
1006,107.99
1007,104.76
1008,83.0
1009,113.63
1010,104.76
1011,77.36
1012,118.46
1013,97.51
1014,107.18
1015,115.24
1016,81.39
1017,82.2
1018,112.01
1019,76.56
1020,95.9
1021,78.17
1022,98.32
1023,82.2
1024,99.12
1025,86.23
1026,91.87
1027,76.56
1028,105.57
1029,100.73
1030,107.18
1031,100.73
1032,105.57
1033,85.42
1034,81.39
1035,107.99
1036,101.54
1037,98.32
1038,107.18
1039,78.17
1040,112.82
1041,83.81
1042,81.39
1043,101.54
1044,99.12
1045,116.85
1046,108.79
1047,102.34
1048,77.36
1049,107.99
1050,115.24
1051,113.63
1052,95.9
1053,107.18
1054,105.57
1055,88.64
1056,75.75
1057,112.01
1058,77.36
1059,111.21
1060,91.06
1061,96.7
1062,95.9
1063,117.66
1064,111.21
1065,76.56
1066,91.87
1067,92.67
1068,80.59
1069,84.62
1070,83.81
1071,103.15
1072,100.73
1073,103.15
1074,78.97
1075,112.01
1076,93.48
1077,87.84
1078,83.81
1079,110.4
1080,94.29
1081,95.9
1082,77.36
1083,75.75
1084,82.2
1085,90.26
1086,86.23
1087,99.12
1088,78.97
1089,103.96
1090,116.85
1091,123.3
1092,103.15
1093,116.04
1094,90.26
1095,114.43
1096,101.54
1097,93.48
1098,76.56
1099,112.82
1100,91.87
1101,99.12
1102,100.73
1103,90.26
1104,99.12
1105,110.4
1106,88.64
1107,103.15
1108,79.78
1109,118.46
1110,84.62
1111,97.51
1112,76.56
1113,95.09
1114,88.64
1115,103.96
1116,97.51
1117,99.93
1118,86.23
1119,112.82
1120,107.18
1121,78.97
1122,97.51
1123,104.76
1124,100.73
1125,114.43
1126,113.63
1127,117.66
1128,78.17
1129,100.73
1130,100.73
1131,112.82
1132,80.59
1133,87.03
1134,84.62
1135,86.23
1136,107.99
1137,100.73
1138,87.03
1139,99.12
1140,109.6
1141,114.43
1142,106.37
1143,115.24
1144,107.99
1145,115.24
1146,120.88
1147,81.39
1148,111.21
1149,75.75
1150,91.87
1151,93.48
1152,89.45
1153,114.43
1154,78.17
1155,108.79
1156,94.29
1157,95.09
1158,104.76
1159,105.57
1160,94.29
1161,107.99
1162,86.23
1163,99.12
1164,112.01
1165,114.43
1166,80.59
1167,116.85
1168,99.12
1169,113.63
1170,117.66
1171,78.97
1172,74.95
1173,103.15
1174,99.93
1175,102.34
1176,95.09
1177,77.36
1178,96.7
1179,78.17
1180,107.99
1181,108.79
1182,91.87
1183,84.62
1184,77.36
1185,113.63
1186,86.23
1187,103.96
1188,98.32
1189,80.59
1190,90.26
1191,101.54
1192,98.32
1193,101.54
1194,115.24
1195,112.82
1196,111.21
1197,94.29
1198,86.23
1199,100.73
1200,78.97
1201,112.82
1202,106.37
1203,88.64
1204,88.64
1205,91.87
1206,75.75
1207,91.06
1208,112.82
1209,112.01
1210,103.15
1211,101.54
1212,99.12
1213,96.7
1214,75.75
1215,84.62
1216,107.18
1217,113.63
1218,87.03
1219,76.56
1220,95.9
1221,119.27
1222,107.99
1223,86.23
1224,113.63
1225,99.93
1226,87.84
1227,99.12
1228,112.82
1229,105.57
1230,80.59
1231,105.57
1232,105.57
1233,97.51
1234,84.62
1235,79.78
1236,76.56
1237,112.82
1238,99.12
1239,82.2
1240,85.42
1241,81.39
1242,100.73
1243,87.84
1244,95.09
1245,110.4
1246,105.57
1247,111.21
1248,112.01
1249,80.59
1250,89.45
1251,115.24
1252,119.27
1253,87.03
1254,101.54
1255,112.82
1256,113.63
1257,99.12
1258,112.01
1259,95.09
1260,77.36
1261,94.29
1262,112.01
1263,91.87
1264,110.4
1265,90.26
1266,94.29
1267,116.85
1268,84.62
1269,99.12
1270,102.34
1271,86.23
1272,103.15
1273,91.87
1274,111.21
1275,87.03
1276,105.57
1277,115.24
1278,109.6
1279,120.07
1280,81.39
1281,105.57
1282,75.75
1283,95.9
1284,83.0
1285,78.97
1286,103.15
1287,88.64
1288,87.03
1289,78.97
1290,85.42
1291,78.17
1292,100.73
1293,106.37
1294,77.36
1295,79.78
1296,107.18
1297,107.99
1298,84.62
1299,104.76
1300,78.17
1301,105.57
1302,84.62
1303,97.51
1304,114.43
1305,112.82
1306,103.96
1307,85.42
1308,104.76
1309,95.9
1310,110.4
1311,107.99
1312,90.26
1313,119.27
1314,113.63
1315,88.64
1316,106.37
1317,112.01
1318,84.62
1319,112.01
1320,83.81
1321,81.39
1322,96.7
1323,104.76
1324,88.64
1325,104.76
1326,85.42
1327,88.64
1328,107.18
1329,76.56
1330,95.09
1331,74.95
1332,94.29
1333,100.73
1334,106.37
1335,112.82
1336,110.4
1337,91.87
1338,99.93
1339,112.82
1340,115.24
1341,102.34
1342,117.66
1343,89.45
1344,111.21
1345,79.78
1346,114.43
1347,105.57
1348,78.97
1349,113.63
1350,116.85
1351,87.84
1352,97.51
1353,112.82
1354,104.76
1355,85.42
1356,110.4
1357,109.6
1358,91.06
1359,88.64
1360,115.24
1361,91.06
1362,116.85
1363,88.64
1364,79.78
1365,78.97
1366,109.6
1367,99.12
1368,112.01
1369,112.82
1370,82.2
1371,79.78
1372,75.75
1373,101.54
1374,113.63
1375,116.85
1376,77.36
1377,92.67
1378,98.32
1379,109.6
1380,104.76
1381,116.04
1382,107.99
1383,116.04
1384,98.32
1385,76.56
1386,105.57
1387,88.64
1388,93.48
1389,78.97
1390,112.82
1391,110.4
1392,93.48
1393,113.63
1394,104.76
1395,97.51
1396,100.73
1397,96.7
1398,107.18
1399,107.18
1400,77.36
1401,94.29
1402,87.03
1403,109.6
1404,108.79
1405,110.4
1406,113.63
1407,85.42
1408,81.39
1409,78.17
1410,94.29
1411,97.51
1412,80.59
1413,82.2
1414,99.93
1415,118.46
1416,111.21
1417,112.82
1418,78.17
1419,112.01
1420,98.32
1421,85.42
1422,83.81
1423,107.99
1424,91.87
1425,114.43
1426,97.51
1427,110.4
1428,112.82
1429,108.79
1430,87.03
1431,115.24
1432,74.95
1433,92.67
1434,119.27
1435,83.81
1436,110.4
1437,90.26
1438,100.73
1439,81.39
1440,86.23
1441,77.36
1442,102.34
1443,111.21
1444,105.57
1445,99.93
1446,107.99
1447,120.07
1448,117.66
1449,101.54
1450,112.01
1451,96.7
1452,92.67
1453,115.24
1454,107.99
1455,107.18
1456,75.75
1457,97.51
1458,96.7
1459,94.29
1460,112.01
1461,77.36
1462,103.15
1463,120.07
1464,99.12
1465,83.0
1466,92.67
1467,108.79
1468,92.67
1469,77.36
1470,112.82
1471,100.73
1472,92.67
1473,95.9
1474,103.96
1475,118.46
1476,117.66
1477,98.32
1478,112.82
1479,78.17
1480,83.81
1481,106.37
1482,76.56
1483,78.97
1484,84.62
1485,104.76
1486,112.82
1487,112.01
1488,77.36
1489,88.64
1490,99.12
1491,78.17
1492,120.88
1493,99.93
1494,99.12
1495,122.49
1496,101.54
1497,111.21
1498,94.29
1499,112.82
1500,86.23
1501,110.4
1502,82.2
1503,93.48
1504,104.76
1505,113.63
1506,87.03
1507,75.75
1508,100.73
1509,87.03
1510,76.56
1511,97.51
1512,109.6
1513,118.46
1514,97.51
1515,115.24
1516,112.01
1517,115.24
1518,103.96
1519,103.96
1520,119.27
1521,106.37
1522,103.15
1523,105.57
1524,77.36
1525,87.84
1526,111.21
1527,100.73
1528,102.34
1529,99.12
1530,111.21
1531,122.49
1532,106.37
1533,89.45
1534,103.96
1535,80.59
1536,80.59
1537,111.21
1538,105.57
1539,97.51
1540,85.42
1541,107.18
1542,77.36
1543,92.67
1544,94.29
1545,109.6
1546,94.29
1547,75.75
1548,111.21
1549,107.99
1550,79.78
1551,114.43
1552,113.63
1553,83.0
1554,107.18
1555,108.79
1556,117.66
1557,99.93
1558,115.24
1559,78.97
1560,84.62
1561,113.63
1562,77.36
1563,83.0
1564,101.54
1565,75.75
1566,114.43
1567,107.99
1568,76.56
1569,94.29
1570,110.4
1571,110.4
1572,77.36
1573,111.21
1574,106.37
1575,78.17
1576,112.01
1577,79.78
1578,111.21
1579,107.99
1580,107.99
1581,112.82
1582,88.64
1583,101.54
1584,79.78
1585,111.21
1586,113.63
1587,78.97
1588,87.84
1589,82.2
1590,109.6
1591,107.99
1592,93.48
1593,95.09
1594,116.04
1595,88.64
1596,92.67
1597,79.78
1598,99.12
1599,117.66
1600,101.54
1601,76.56
1602,84.62
1603,115.24
1604,87.03
1605,104.76
1606,78.17
1607,89.45
1608,91.87
1609,82.2
1610,120.88
1611,112.82
1612,109.6
1613,106.37
1614,94.29
1615,112.01
1616,106.37
1617,90.26
1618,84.62
1619,116.85
1620,91.87
1621,109.6
1622,87.84
1623,100.73
1624,116.04
1625,95.09
1626,95.9
1627,102.34
1628,87.03
1629,90.26
1630,114.43
1631,103.15
1632,112.01
1633,112.01
1634,77.36
1635,104.76
1636,116.85
1637,78.17
1638,110.4
1639,117.66
1640,93.48
1641,90.26
1642,78.17
1643,107.99
1644,116.85
1645,75.75
1646,76.56
1647,80.59
1648,95.09
1649,83.0
1650,104.76
1651,114.43
1652,100.73
1653,80.59
1654,101.54
1655,91.87
1656,86.23
1657,91.87
1658,80.59
1659,83.81
1660,108.79
1661,110.4
1662,110.4
1663,98.32
1664,112.01
1665,112.01
1666,114.43
1667,99.12
1668,93.48
1669,107.99
1670,83.81
1671,107.18
1672,78.97
1673,87.03
1674,103.15
1675,116.04
1676,82.2
1677,98.32
1678,80.59
1679,85.42
1680,117.66
1681,92.67
1682,97.51
1683,95.09
1684,112.01
1685,99.12
1686,123.3
1687,99.12
1688,111.21
1689,115.24
1690,81.39
1691,119.27
1692,103.96
1693,116.85
1694,119.27
1695,113.63
1696,84.62
1697,81.39
1698,114.43
1699,100.73
1700,110.4
1701,107.18
1702,106.37
1703,112.82
1704,98.32
1705,117.66
1706,105.57
1707,96.7
1708,95.09
1709,92.67
1710,85.42
1711,78.17
1712,78.17
1713,115.24
1714,109.6
1715,107.99
1716,84.62
1717,104.76
1718,90.26
1719,120.07
1720,117.66
1721,117.66
1722,77.36
1723,84.62
1724,96.7
1725,96.7
1726,94.29
1727,115.24
1728,115.24
1729,75.75
1730,93.48
1731,102.34
1732,90.26
1733,79.78
1734,99.93
1735,110.4
1736,78.17
1737,112.01
1738,116.85
1739,117.66
1740,93.48
1741,114.43
1742,78.97
1743,75.75
1744,105.57
1745,116.85
1746,112.82
1747,85.42
1748,103.15
1749,107.99
1750,116.04
1751,88.64
1752,118.46
1753,117.66
1754,86.23
1755,91.06
1756,88.64
1757,98.32
1758,80.59
1759,111.21
1760,87.03
1761,111.21
1762,117.66
1763,94.29
1764,99.12
1765,119.27
1766,95.9
1767,98.32
1768,111.21
1769,109.6
1770,93.48
1771,104.76
1772,101.54
1773,80.59
1774,116.04
1775,82.2
1776,115.24
1777,76.56
1778,87.03
1779,110.4
1780,115.24
1781,117.66
1782,120.07
1783,105.57
1784,110.4
1785,82.2
1786,107.18
1787,84.62
1788,80.59
1789,99.93
1790,107.18
1791,86.23
1792,111.21
1793,76.56
1794,87.03
1795,78.17
1796,107.99
1797,107.99
1798,113.63
1799,109.6
1800,119.27
1801,97.51
1802,91.06
1803,83.81
1804,100.73
1805,116.85
1806,110.4
1807,92.67
1808,82.2
1809,95.9
1810,94.29
1811,81.39
1812,113.63
1813,95.09
1814,107.18
1815,112.01
1816,77.36
1817,103.96
1818,83.0
1819,78.97
1820,102.34
1821,78.17
1822,86.23
1823,90.26
1824,109.6
1825,97.51
1826,109.6
1827,74.95
1828,105.57
1829,78.97
1830,122.49
1831,119.27
1832,115.24
1833,111.21
1834,92.67
1835,80.59
1836,112.01
1837,85.42
1838,117.66
1839,78.97
1840,80.59
1841,111.21
1842,102.34
1843,110.4
1844,103.96
1845,94.29
1846,113.63
1847,103.15
1848,94.29
1849,86.23
1850,91.06
1851,107.18
1852,87.03
1853,100.73
1854,113.63
1855,108.79
1856,105.57
1857,92.67
1858,86.23
1859,103.15
1860,75.75
1861,83.81
1862,116.04
1863,116.85
1864,116.85
1865,112.01
1866,83.81
1867,112.01
1868,87.03
1869,113.63
1870,114.43
1871,113.63
1872,82.2
1873,122.49
1874,110.4
1875,116.04
1876,111.21
1877,104.76
1878,83.0
1879,104.76
1880,111.21
1881,107.99
1882,113.63
1883,101.54
1884,75.75
1885,109.6
1886,87.03
1887,109.6
1888,87.84
1889,115.24
1890,88.64
1891,89.45
1892,95.9
1893,91.06
1894,123.3
1895,98.32
1896,80.59
1897,92.67
1898,110.4
1899,88.64
1900,94.29
1901,74.95
1902,117.66
1903,117.66
1904,114.43
1905,85.42
1906,102.34
1907,102.34
1908,83.0
1909,85.42
1910,87.84
1911,112.82
1912,114.43
1913,83.0
1914,79.78
1915,97.51
1916,78.17
1917,78.97
1918,101.54
1919,86.23
1920,87.03
1921,105.57
1922,101.54
1923,98.32
1924,75.75
1925,87.84
1926,116.85
1927,83.0
1928,80.59
1929,85.42
1930,105.57
1931,87.03
1932,95.09
1933,111.21
1934,101.54
1935,103.96
1936,114.43
1937,78.17
1938,97.51
1939,82.2
1940,81.39
1941,78.17
1942,83.0
1943,87.03
1944,113.63
1945,111.21
1946,115.24
1947,116.04
1948,82.2
1949,82.2
1950,109.6
1951,76.56
1952,83.81
1953,113.63
1954,90.26
1955,95.9
1956,113.63
1957,111.21
1958,95.9
1959,91.06
1960,110.4
1961,76.56
1962,94.29
1963,100.73
1964,80.59
1965,76.56
1966,114.43
1967,99.93
1968,103.96
1969,81.39
1970,99.12
1971,110.4
1972,117.66
1973,79.78
1974,98.32
1975,78.97
1976,103.15
1977,106.37
1978,102.34
1979,113.63
1980,104.76
1981,92.67
1982,88.64
1983,107.18
1984,93.48
1985,80.59
1986,77.36
1987,94.29
1988,89.45
1989,79.78
1990,91.87
1991,102.34
1992,116.04
1993,107.99
1994,83.81
1995,104.76
1996,104.76
1997,117.66
1998,78.17
1999,104.76
